,video_name,MOS,Category,Resolution
0,Animation_1080P-01b3,3.649,Animation,1080
1,Animation_1080P-05f8,3.901,Animation,1080
2,Animation_1080P-0c4f,3.94,Animation,1080
3,Animation_1080P-0cdf,4.245,Animation,1080
4,Animation_1080P-18f5,4.158,Animation,1080
5,Animation_1080P-209f,4.189,Animation,1080
6,Animation_1080P-21dd,3.791,Animation,1080
7,Animation_1080P-2fbe,3.346,Animation,1080
8,Animation_1080P-2fff,4.369,Animation,1080
9,Animation_1080P-3d67,2.778,Animation,1080
10,Animation_1080P-3dbf,4.444,Animation,1080
11,Animation_1080P-3e01,4.045,Animation,1080
12,Animation_1080P-4214,3.51,Animation,1080
13,Animation_1080P-4609,4.698,Animation,1080
14,Animation_1080P-4be3,3.565,Animation,1080
15,Animation_1080P-4ea8,4.121,Animation,1080
16,Animation_1080P-5083,3.252,Animation,1080
17,Animation_1080P-58d3,4.243,Animation,1080
18,Animation_1080P-5dd8,3.958,Animation,1080
19,Animation_1080P-5f3b,4.243,Animation,1080
20,Animation_1080P-646f,3.376,Animation,1080
21,Animation_1080P-66ba,3.081,Animation,1080
22,Animation_1080P-6a33,2.052,Animation,1080
23,Animation_1080P-6ec0,4.124,Animation,1080
24,Animation_1080P-7f27,4.195,Animation,1080
25,Animation_2160P-41dc,3.512,Animation,2160
26,Animation_2160P-6f3b,4.082,Animation,2160
27,Animation_360P-08c9,3.652,Animation,360
28,Animation_360P-188f,3.702,Animation,360
29,Animation_360P-24d4,3.435,Animation,360
30,Animation_360P-3e40,2.353,Animation,360
31,Animation_360P-3e52,3.651,Animation,360
32,Animation_360P-47cc,3.282,Animation,360
33,Animation_360P-4b4c,3.003,Animation,360
34,Animation_360P-4edc,3.682,Animation,360
35,Animation_360P-5712,3.552,Animation,360
36,Animation_360P-5de0,3.429,Animation,360
37,Animation_360P-631c,2.236,Animation,360
38,Animation_360P-6355,3.126,Animation,360
39,Animation_360P-69e0,3.382,Animation,360
40,Animation_360P-7856,2.751,Animation,360
41,Animation_360P-794f,3.362,Animation,360
42,Animation_480P-0194,3.097,Animation,480
43,Animation_480P-046c,3.15,Animation,480
44,Animation_480P-0529,2.205,Animation,480
45,Animation_480P-073c,3.407,Animation,480
46,Animation_480P-087e,3.525,Animation,480
47,Animation_480P-08a5,3.42,Animation,480
48,Animation_480P-0d04,3.111,Animation,480
49,Animation_480P-1da7,3.183,Animation,480
50,Animation_480P-3281,3.211,Animation,480
51,Animation_480P-35ee,3.29,Animation,480
52,Animation_480P-3e06,2.994,Animation,480
53,Animation_480P-3fdf,3.465,Animation,480
54,Animation_480P-4b80,3.618,Animation,480
55,Animation_480P-4b86,3.495,Animation,480
56,Animation_480P-4e36,3.303,Animation,480
57,Animation_480P-52af,3.656,Animation,480
58,Animation_480P-66c0,3.453,Animation,480
59,Animation_480P-6e23,3.731,Animation,480
60,Animation_480P-6ef6,3.607,Animation,480
61,Animation_480P-6ff4,3.29,Animation,480
62,Animation_480P-70d4,3.848,Animation,480
63,Animation_480P-7114,3.653,Animation,480
64,Animation_480P-791b,3.286,Animation,480
65,Animation_480P-7a31,3.487,Animation,480
66,Animation_480P-7ef2,3.164,Animation,480
67,Animation_720P-0116,4.054,Animation,720
68,Animation_720P-01b3,3.638,Animation,720
69,Animation_720P-06a6,3.942,Animation,720
70,Animation_720P-0acc,3.876,Animation,720
71,Animation_720P-0c8f,3.409,Animation,720
72,Animation_720P-13b7,4.318,Animation,720
73,Animation_720P-1a6d,4.283,Animation,720
74,Animation_720P-2525,3.73,Animation,720
75,Animation_720P-26d2,3.14,Animation,720
76,Animation_720P-2abf,3.615,Animation,720
77,Animation_720P-31c9,4.351,Animation,720
78,Animation_720P-3adc,3.575,Animation,720
79,Animation_720P-412a,4.249,Animation,720
80,Animation_720P-41cf,3.862,Animation,720
81,Animation_720P-41d6,4.148,Animation,720
82,Animation_720P-4268,3.846,Animation,720
83,Animation_720P-431c,4.396,Animation,720
84,Animation_720P-4b17,4.074,Animation,720
85,Animation_720P-57d9,3.522,Animation,720
86,Animation_720P-5bfc,4.421,Animation,720
87,Animation_720P-620f,4.522,Animation,720
88,Animation_720P-6372,4.422,Animation,720
89,Animation_720P-79ee,2.197,Animation,720
90,Animation_720P-7b29,3.862,Animation,720
91,Animation_720P-7e7d,3.589,Animation,720
92,Animation_720P-7ff2,4.124,Animation,720
93,CoverSong_1080P-0188,2.383,CoverSong,1080
94,CoverSong_1080P-033d,4.433,CoverSong,1080
95,CoverSong_1080P-0a86,4.228,CoverSong,1080
96,CoverSong_1080P-0cdc,2.741,CoverSong,1080
97,CoverSong_1080P-0f33,3.221,CoverSong,1080
98,CoverSong_1080P-0f3a,4.358,CoverSong,1080
99,CoverSong_1080P-1963,3.882,CoverSong,1080
100,CoverSong_1080P-1b08,3.812,CoverSong,1080
101,CoverSong_1080P-1b0c,3.763,CoverSong,1080
102,CoverSong_1080P-2207,3.675,CoverSong,1080
103,CoverSong_1080P-237f,3.893,CoverSong,1080
104,CoverSong_1080P-3409,4.331,CoverSong,1080
105,CoverSong_1080P-3499,4.193,CoverSong,1080
106,CoverSong_1080P-3aac,3.381,CoverSong,1080
107,CoverSong_1080P-3df8,3.827,CoverSong,1080
108,CoverSong_1080P-4bad,4.298,CoverSong,1080
109,CoverSong_1080P-5430,3.969,CoverSong,1080
110,CoverSong_1080P-5456,3.736,CoverSong,1080
111,CoverSong_1080P-5cae,3.209,CoverSong,1080
112,CoverSong_1080P-5e69,3.29,CoverSong,1080
113,CoverSong_1080P-5f92,4.043,CoverSong,1080
114,CoverSong_1080P-6f26,4.288,CoverSong,1080
115,CoverSong_360P-0a9d,2.538,CoverSong,360
116,CoverSong_360P-0aa2,2.511,CoverSong,360
117,CoverSong_360P-11f9,2.79,CoverSong,360
118,CoverSong_360P-130a,3.449,CoverSong,360
119,CoverSong_360P-13d2,2.578,CoverSong,360
120,CoverSong_360P-14b9,2.633,CoverSong,360
121,CoverSong_360P-1b2b,3.409,CoverSong,360
122,CoverSong_360P-2146,2.273,CoverSong,360
123,CoverSong_360P-2b4d,2.796,CoverSong,360
124,CoverSong_360P-3218,2.427,CoverSong,360
125,CoverSong_360P-4add,2.855,CoverSong,360
126,CoverSong_360P-53a6,3.235,CoverSong,360
127,CoverSong_360P-59d1,2.828,CoverSong,360
128,CoverSong_360P-5a24,2.789,CoverSong,360
129,CoverSong_360P-5d20,2.943,CoverSong,360
130,CoverSong_360P-67ec,2.404,CoverSong,360
131,CoverSong_360P-69ef,3.145,CoverSong,360
132,CoverSong_360P-6d6a,3.273,CoverSong,360
133,CoverSong_360P-6da7,2.763,CoverSong,360
134,CoverSong_480P-0170,3.118,CoverSong,480
135,CoverSong_480P-1019,3.815,CoverSong,480
136,CoverSong_480P-1109,2.826,CoverSong,480
137,CoverSong_480P-2142,3.25,CoverSong,480
138,CoverSong_480P-2207,2.934,CoverSong,480
139,CoverSong_480P-2711,2.514,CoverSong,480
140,CoverSong_480P-2d2c,3.837,CoverSong,480
141,CoverSong_480P-3076,1.71,CoverSong,480
142,CoverSong_480P-35e1,3.608,CoverSong,480
143,CoverSong_480P-3e4b,2.877,CoverSong,480
144,CoverSong_480P-3e92,4.235,CoverSong,480
145,CoverSong_480P-3f3b,3.027,CoverSong,480
146,CoverSong_480P-41a5,3.27,CoverSong,480
147,CoverSong_480P-4d34,2.677,CoverSong,480
148,CoverSong_480P-53f4,3.169,CoverSong,480
149,CoverSong_480P-59f2,3.418,CoverSong,480
150,CoverSong_480P-5b62,3.056,CoverSong,480
151,CoverSong_480P-60a6,2.369,CoverSong,480
152,CoverSong_480P-64d0,3.917,CoverSong,480
153,CoverSong_480P-6c3e,2.502,CoverSong,480
154,CoverSong_480P-6c50,2.729,CoverSong,480
155,CoverSong_480P-7443,3.65,CoverSong,480
156,CoverSong_480P-7f6d,3.048,CoverSong,480
157,CoverSong_720P-014c,2.618,CoverSong,720
158,CoverSong_720P-01a1,3.713,CoverSong,720
159,CoverSong_720P-0239,2.52,CoverSong,720
160,CoverSong_720P-05d6,3.744,CoverSong,720
161,CoverSong_720P-10f1,2.805,CoverSong,720
162,CoverSong_720P-1393,4.059,CoverSong,720
163,CoverSong_720P-1928,3.423,CoverSong,720
164,CoverSong_720P-2d05,3.224,CoverSong,720
165,CoverSong_720P-3261,3.942,CoverSong,720
166,CoverSong_720P-3dca,3.412,CoverSong,720
167,CoverSong_720P-4006,3.414,CoverSong,720
168,CoverSong_720P-449f,3.496,CoverSong,720
169,CoverSong_720P-5689,2.317,CoverSong,720
170,CoverSong_720P-5ba2,2.834,CoverSong,720
171,CoverSong_720P-60d3,2.991,CoverSong,720
172,CoverSong_720P-6626,3.316,CoverSong,720
173,CoverSong_720P-6ae4,3.769,CoverSong,720
174,CoverSong_720P-6b8c,2.988,CoverSong,720
175,CoverSong_720P-6d6a,3.52,CoverSong,720
176,CoverSong_720P-6d81,3.145,CoverSong,720
177,CoverSong_720P-7360,2.798,CoverSong,720
178,CoverSong_720P-7539,2.348,CoverSong,720
179,CoverSong_720P-799b,3.807,CoverSong,720
180,Gaming_1080P-0219,3.513,Gaming,1080
181,Gaming_1080P-0a5b,3.556,Gaming,1080
182,Gaming_1080P-0ce6,3.968,Gaming,1080
183,Gaming_1080P-0ef8,3.781,Gaming,1080
184,Gaming_1080P-12d4,4.494,Gaming,1080
185,Gaming_1080P-13e3,4.434,Gaming,1080
186,Gaming_1080P-1704,4.295,Gaming,1080
187,Gaming_1080P-173a,3.013,Gaming,1080
188,Gaming_1080P-18b8,3.165,Gaming,1080
189,Gaming_1080P-190d,3.898,Gaming,1080
190,Gaming_1080P-1f29,3.298,Gaming,1080
191,Gaming_1080P-2221,4.239,Gaming,1080
192,Gaming_1080P-223e,4.283,Gaming,1080
193,Gaming_1080P-26dc,3.541,Gaming,1080
194,Gaming_1080P-2768,3.466,Gaming,1080
195,Gaming_1080P-277c,3.884,Gaming,1080
196,Gaming_1080P-2927,4.441,Gaming,1080
197,Gaming_1080P-29b1,3.829,Gaming,1080
198,Gaming_1080P-2e97,4.391,Gaming,1080
199,Gaming_1080P-35fa,3.035,Gaming,1080
200,Gaming_1080P-3a9d,3.872,Gaming,1080
201,Gaming_1080P-3bf7,3.245,Gaming,1080
202,Gaming_1080P-3d58,3.782,Gaming,1080
203,Gaming_1080P-4047,3.099,Gaming,1080
204,Gaming_1080P-44c4,3.839,Gaming,1080
205,Gaming_1080P-45af,4.373,Gaming,1080
206,Gaming_1080P-45fc,3.695,Gaming,1080
207,Gaming_1080P-4865,4.355,Gaming,1080
208,Gaming_1080P-51fc,4.377,Gaming,1080
209,Gaming_1080P-55ac,4.448,Gaming,1080
210,Gaming_1080P-5608,4.067,Gaming,1080
211,Gaming_1080P-564e,4.322,Gaming,1080
212,Gaming_1080P-57ca,4.409,Gaming,1080
213,Gaming_1080P-58ba,3.952,Gaming,1080
214,Gaming_1080P-592a,3.964,Gaming,1080
215,Gaming_1080P-593f,3.409,Gaming,1080
216,Gaming_1080P-5ae7,3.328,Gaming,1080
217,Gaming_1080P-6530,3.92,Gaming,1080
218,Gaming_1080P-6578,4.399,Gaming,1080
219,Gaming_1080P-66d2,4.142,Gaming,1080
220,Gaming_1080P-698a,3.743,Gaming,1080
221,Gaming_1080P-6a78,4.148,Gaming,1080
222,Gaming_1080P-6d53,3.821,Gaming,1080
223,Gaming_1080P-6db2,3.475,Gaming,1080
224,Gaming_1080P-6dc6,4.602,Gaming,1080
225,Gaming_1080P-6e45,2.517,Gaming,1080
226,Gaming_1080P-71a5,4.482,Gaming,1080
227,Gaming_1080P-72c8,4.366,Gaming,1080
228,Gaming_1080P-777b,4.05,Gaming,1080
229,Gaming_1080P-7a1e,4.024,Gaming,1080
230,Gaming_2160P-2436,4.473,Gaming,2160
231,Gaming_2160P-28de,4.349,Gaming,2160
232,Gaming_2160P-2b92,3.632,Gaming,2160
233,Gaming_2160P-2cb1,4.481,Gaming,2160
234,Gaming_2160P-2dc4,4.383,Gaming,2160
235,Gaming_2160P-3002,4.337,Gaming,2160
236,Gaming_2160P-31f6,4.311,Gaming,2160
237,Gaming_2160P-348d,4.443,Gaming,2160
238,Gaming_2160P-34a1,4.414,Gaming,2160
239,Gaming_2160P-387f,4.513,Gaming,2160
240,Gaming_2160P-3a25,4.502,Gaming,2160
241,Gaming_2160P-3aec,4.646,Gaming,2160
242,Gaming_2160P-3ce4,4.529,Gaming,2160
243,Gaming_2160P-4139,3.923,Gaming,2160
244,Gaming_2160P-416f,4.332,Gaming,2160
245,Gaming_2160P-4258,4.067,Gaming,2160
246,Gaming_2160P-5c33,2.834,Gaming,2160
247,Gaming_2160P-5c53,4.309,Gaming,2160
248,Gaming_2160P-5f40,3.734,Gaming,2160
249,Gaming_2160P-673d,4.165,Gaming,2160
250,Gaming_2160P-67b0,4.204,Gaming,2160
251,Gaming_2160P-6bb6,4.537,Gaming,2160
252,Gaming_2160P-6cd8,4.31,Gaming,2160
253,Gaming_2160P-7a5f,4.395,Gaming,2160
254,Gaming_2160P-7e80,4.108,Gaming,2160
255,Gaming_2160P-7ff0,4.238,Gaming,2160
256,Gaming_360P-043e,2.582,Gaming,360
257,Gaming_360P-0b98,3.14,Gaming,360
258,Gaming_360P-0e0b,3.006,Gaming,360
259,Gaming_360P-187a,3.133,Gaming,360
260,Gaming_360P-1ab1,2.964,Gaming,360
261,Gaming_360P-1e31,2.186,Gaming,360
262,Gaming_360P-2141,1.927,Gaming,360
263,Gaming_360P-215f,2.869,Gaming,360
264,Gaming_360P-2164,3.245,Gaming,360
265,Gaming_360P-21d2,2.372,Gaming,360
266,Gaming_360P-2330,2.607,Gaming,360
267,Gaming_360P-279f,2.841,Gaming,360
268,Gaming_360P-2cca,3.374,Gaming,360
269,Gaming_360P-2f99,3.281,Gaming,360
270,Gaming_360P-3794,1.475,Gaming,360
271,Gaming_360P-3a6b,2.763,Gaming,360
272,Gaming_360P-3eb6,3.184,Gaming,360
273,Gaming_360P-48b0,3.427,Gaming,360
274,Gaming_360P-4f09,3.506,Gaming,360
275,Gaming_360P-5635,3.102,Gaming,360
276,Gaming_360P-56fe,2.439,Gaming,360
277,Gaming_360P-586d,3.026,Gaming,360
278,Gaming_360P-5e0f,3.012,Gaming,360
279,Gaming_360P-6207,3.349,Gaming,360
280,Gaming_360P-63e6,2.636,Gaming,360
281,Gaming_360P-6bdb,2.934,Gaming,360
282,Gaming_360P-7007,3.194,Gaming,360
283,Gaming_360P-73c7,3.247,Gaming,360
284,Gaming_360P-7975,2.761,Gaming,360
285,Gaming_360P-7acb,3.059,Gaming,360
286,Gaming_480P-0109,2.436,Gaming,480
287,Gaming_480P-062e,3.435,Gaming,480
288,Gaming_480P-09ab,3.795,Gaming,480
289,Gaming_480P-0a03,2.676,Gaming,480
290,Gaming_480P-0a30,2.661,Gaming,480
291,Gaming_480P-0d23,3.466,Gaming,480
292,Gaming_480P-0dbc,2.973,Gaming,480
293,Gaming_480P-14fc,3.822,Gaming,480
294,Gaming_480P-1542,2.776,Gaming,480
295,Gaming_480P-20ca,2.891,Gaming,480
296,Gaming_480P-2cfc,3.961,Gaming,480
297,Gaming_480P-2d1b,3.948,Gaming,480
298,Gaming_480P-3888,3.464,Gaming,480
299,Gaming_480P-3a44,3.043,Gaming,480
300,Gaming_480P-445b,3.714,Gaming,480
301,Gaming_480P-4560,3.904,Gaming,480
302,Gaming_480P-5a5a,3.478,Gaming,480
303,Gaming_480P-61ee,3.631,Gaming,480
304,Gaming_480P-626a,3.786,Gaming,480
305,Gaming_480P-6491,3.013,Gaming,480
306,Gaming_480P-6548,2.871,Gaming,480
307,Gaming_480P-6a5a,3.468,Gaming,480
308,Gaming_480P-6c92,2.348,Gaming,480
309,Gaming_480P-6cdc,2.425,Gaming,480
310,Gaming_480P-6d1e,2.674,Gaming,480
311,Gaming_480P-6f4b,3.67,Gaming,480
312,Gaming_480P-75f7,2.798,Gaming,480
313,Gaming_480P-7893,2.761,Gaming,480
314,Gaming_480P-7a08,3.792,Gaming,480
315,Gaming_480P-7ccb,3.581,Gaming,480
316,Gaming_480P-7e76,2.397,Gaming,480
317,Gaming_720P-0fba,4.089,Gaming,720
318,Gaming_720P-0fdb,3.263,Gaming,720
319,Gaming_720P-1035,3.683,Gaming,720
320,Gaming_720P-103a,4.056,Gaming,720
321,Gaming_720P-1cbb,4.01,Gaming,720
322,Gaming_720P-221d,3.252,Gaming,720
323,Gaming_720P-25aa,2.952,Gaming,720
324,Gaming_720P-2dbe,4.327,Gaming,720
325,Gaming_720P-312f,3.826,Gaming,720
326,Gaming_720P-324d,3.145,Gaming,720
327,Gaming_720P-3524,3.11,Gaming,720
328,Gaming_720P-40b2,3.855,Gaming,720
329,Gaming_720P-469a,4.124,Gaming,720
330,Gaming_720P-4813,4.29,Gaming,720
331,Gaming_720P-493e,3.567,Gaming,720
332,Gaming_720P-4cda,3.62,Gaming,720
333,Gaming_720P-5973,4.067,Gaming,720
334,Gaming_720P-5ba2,4.281,Gaming,720
335,Gaming_720P-6403,4.023,Gaming,720
336,Gaming_720P-64b0,4.396,Gaming,720
337,Gaming_720P-6625,3.813,Gaming,720
338,Gaming_720P-6658,3.715,Gaming,720
339,Gaming_720P-6a45,3.967,Gaming,720
340,Gaming_720P-7afd,2.486,Gaming,720
341,HDR_1080P-0d31,4.373,HDR,1080
342,HDR_1080P-13eb,3.761,HDR,1080
343,HDR_1080P-1be2,3.756,HDR,1080
344,HDR_1080P-1e5b,1.242,HDR,1080
345,HDR_1080P-206d,3.791,HDR,1080
346,HDR_1080P-282a,4.038,HDR,1080
347,HDR_1080P-2d32,4.503,HDR,1080
348,HDR_1080P-3181,3.777,HDR,1080
349,HDR_1080P-33e3,4.45,HDR,1080
350,HDR_1080P-3521,3.895,HDR,1080
351,HDR_1080P-35f4,4.16,HDR,1080
352,HDR_1080P-3749,4.08,HDR,1080
353,HDR_1080P-3a4a,3.824,HDR,1080
354,HDR_1080P-46a4,3.582,HDR,1080
355,HDR_1080P-49d6,4.589,HDR,1080
356,HDR_1080P-4f4a,3.51,HDR,1080
357,HDR_1080P-548b,4.626,HDR,1080
358,HDR_1080P-549e,4.064,HDR,1080
359,HDR_1080P-55c4,4.106,HDR,1080
360,HDR_1080P-601b,4.318,HDR,1080
361,HDR_1080P-687e,2.629,HDR,1080
362,HDR_1080P-68c8,3.804,HDR,1080
363,HDR_1080P-69de,4.181,HDR,1080
364,HDR_1080P-6eb7,4.046,HDR,1080
365,HDR_1080P-7825,4.514,HDR,1080
366,HDR_2160P-06ae,4.474,HDR,2160
367,HDR_2160P-0e7a,2.322,HDR,2160
368,HDR_2160P-15e2,4.191,HDR,2160
369,HDR_2160P-1743,4.254,HDR,2160
370,HDR_2160P-1e9e,4.356,HDR,2160
371,HDR_2160P-2a72,4.113,HDR,2160
372,HDR_2160P-351f,4.323,HDR,2160
373,HDR_2160P-3663,4.34,HDR,2160
374,HDR_2160P-382f,4.309,HDR,2160
375,HDR_2160P-3bf1,4.544,HDR,2160
376,HDR_2160P-40ab,4.105,HDR,2160
377,HDR_2160P-4348,4.466,HDR,2160
378,HDR_2160P-4581,3.979,HDR,2160
379,HDR_2160P-4d03,4.203,HDR,2160
380,HDR_2160P-4dcd,3.763,HDR,2160
381,HDR_2160P-51ea,4.106,HDR,2160
382,HDR_2160P-5275,4.206,HDR,2160
383,HDR_2160P-5926,4.386,HDR,2160
384,HDR_2160P-5c86,4.388,HDR,2160
385,HDR_2160P-5cdf,4.296,HDR,2160
386,HDR_2160P-5e25,4.209,HDR,2160
387,HDR_2160P-664d,3.753,HDR,2160
388,HDR_2160P-6c6e,4.566,HDR,2160
389,HDR_2160P-6ed1,3.724,HDR,2160
390,HDR_2160P-6eeb,4.402,HDR,2160
391,HDR_2160P-6fa4,4.266,HDR,2160
392,HDR_2160P-6fab,3.443,HDR,2160
393,HDR_2160P-70ca,3.905,HDR,2160
394,HowTo_1080P-0267,4.234,HowTo,1080
395,HowTo_1080P-03fd,3.517,HowTo,1080
396,HowTo_1080P-13aa,4.336,HowTo,1080
397,HowTo_1080P-1f3b,4.185,HowTo,1080
398,HowTo_1080P-2b64,4.221,HowTo,1080
399,HowTo_1080P-36a9,4.427,HowTo,1080
400,HowTo_1080P-4d7b,4.199,HowTo,1080
401,HowTo_1080P-52bb,4.272,HowTo,1080
402,HowTo_1080P-55d1,4.102,HowTo,1080
403,HowTo_1080P-63b4,4.286,HowTo,1080
404,HowTo_1080P-63e4,3.948,HowTo,1080
405,HowTo_1080P-63ec,4.229,HowTo,1080
406,HowTo_1080P-64f7,4.454,HowTo,1080
407,HowTo_1080P-6cbf,1.915,HowTo,1080
408,HowTo_1080P-7399,4.194,HowTo,1080
409,HowTo_1080P-763c,3.957,HowTo,1080
410,HowTo_1080P-7cf2,3.717,HowTo,1080
411,HowTo_1080P-7f18,3.718,HowTo,1080
412,HowTo_1080P-7f4c,4.092,HowTo,1080
413,HowTo_360P-041c,3.214,HowTo,360
414,HowTo_360P-0562,3.261,HowTo,360
415,HowTo_360P-06be,3.601,HowTo,360
416,HowTo_360P-09f8,2.951,HowTo,360
417,HowTo_360P-127f,3.332,HowTo,360
418,HowTo_360P-1823,3.056,HowTo,360
419,HowTo_360P-18e7,2.78,HowTo,360
420,HowTo_360P-1dba,1.907,HowTo,360
421,HowTo_360P-2074,3.536,HowTo,360
422,HowTo_360P-2a3b,2.589,HowTo,360
423,HowTo_360P-2d35,2.847,HowTo,360
424,HowTo_360P-2fd5,2.049,HowTo,360
425,HowTo_360P-3aa6,3.019,HowTo,360
426,HowTo_360P-4276,3.448,HowTo,360
427,HowTo_360P-4e4c,3.005,HowTo,360
428,HowTo_360P-55e9,3.496,HowTo,360
429,HowTo_360P-5da7,3.425,HowTo,360
430,HowTo_360P-6093,3.205,HowTo,360
431,HowTo_360P-6a0e,2.104,HowTo,360
432,HowTo_360P-7083,3.031,HowTo,360
433,HowTo_360P-7dcd,3.035,HowTo,360
434,HowTo_360P-7fb1,3.322,HowTo,360
435,HowTo_480P-04f1,3.454,HowTo,480
436,HowTo_480P-0cb3,3.592,HowTo,480
437,HowTo_480P-0d00,3.998,HowTo,480
438,HowTo_480P-0eb3,2.507,HowTo,480
439,HowTo_480P-118d,1.462,HowTo,480
440,HowTo_480P-15c1,3.264,HowTo,480
441,HowTo_480P-187c,3.321,HowTo,480
442,HowTo_480P-221e,3.283,HowTo,480
443,HowTo_480P-2610,2.981,HowTo,480
444,HowTo_480P-32c9,2.51,HowTo,480
445,HowTo_480P-3435,3.93,HowTo,480
446,HowTo_480P-4332,2.356,HowTo,480
447,HowTo_480P-470b,3.858,HowTo,480
448,HowTo_480P-48ac,3.1,HowTo,480
449,HowTo_480P-4948,2.551,HowTo,480
450,HowTo_480P-4a28,3.659,HowTo,480
451,HowTo_480P-4b6a,2.763,HowTo,480
452,HowTo_480P-4c99,2.94,HowTo,480
453,HowTo_480P-56a5,4.085,HowTo,480
454,HowTo_480P-5a3c,3.088,HowTo,480
455,HowTo_480P-60b3,3.576,HowTo,480
456,HowTo_480P-63a2,3.559,HowTo,480
457,HowTo_480P-64a2,2.836,HowTo,480
458,HowTo_480P-7579,4.079,HowTo,480
459,HowTo_480P-7c11,3.267,HowTo,480
460,HowTo_720P-017a,3.762,HowTo,720
461,HowTo_720P-06eb,4.13,HowTo,720
462,HowTo_720P-0a67,4.315,HowTo,720
463,HowTo_720P-0b01,4.111,HowTo,720
464,HowTo_720P-0c47,4.364,HowTo,720
465,HowTo_720P-111e,3.938,HowTo,720
466,HowTo_720P-12f7,3.3,HowTo,720
467,HowTo_720P-21c6,2.838,HowTo,720
468,HowTo_720P-269e,3.643,HowTo,720
469,HowTo_720P-2cc6,2.814,HowTo,720
470,HowTo_720P-3282,3.005,HowTo,720
471,HowTo_720P-37d0,4.429,HowTo,720
472,HowTo_720P-3813,3.072,HowTo,720
473,HowTo_720P-3a5d,2.536,HowTo,720
474,HowTo_720P-479b,3.62,HowTo,720
475,HowTo_720P-483c,3.485,HowTo,720
476,HowTo_720P-4d55,3.947,HowTo,720
477,HowTo_720P-4d9e,3.688,HowTo,720
478,HowTo_720P-6323,3.732,HowTo,720
479,HowTo_720P-6791,2.263,HowTo,720
480,HowTo_720P-7782,3.761,HowTo,720
481,HowTo_720P-7878,3.674,HowTo,720
482,HowTo_720P-7c38,4.074,HowTo,720
483,Lecture_1080P-011f,3.59,Lecture,1080
484,Lecture_1080P-0201,3.826,Lecture,1080
485,Lecture_1080P-0c8a,4.55,Lecture,1080
486,Lecture_1080P-0eb8,3.725,Lecture,1080
487,Lecture_1080P-1709,4.172,Lecture,1080
488,Lecture_1080P-1969,3.649,Lecture,1080
489,Lecture_360P-03bc,2.762,Lecture,360
490,Lecture_360P-051a,2.64,Lecture,360
491,Lecture_360P-114f,4.172,Lecture,360
492,Lecture_360P-20c3,3.133,Lecture,360
493,Lecture_360P-2276,3.742,Lecture,360
494,Lecture_360P-27db,3.092,Lecture,360
495,Lecture_360P-2c55,3.717,Lecture,360
496,Lecture_360P-2d1f,3.62,Lecture,360
497,Lecture_360P-30eb,3.35,Lecture,360
498,Lecture_360P-311d,3.603,Lecture,360
499,Lecture_360P-3590,3.703,Lecture,360
500,Lecture_360P-44c2,3.389,Lecture,360
501,Lecture_360P-4bb4,3.822,Lecture,360
502,Lecture_360P-4f00,3.172,Lecture,360
503,Lecture_360P-506c,3.168,Lecture,360
504,Lecture_360P-5594,3.367,Lecture,360
505,Lecture_360P-5779,3.069,Lecture,360
506,Lecture_360P-5aea,3.088,Lecture,360
507,Lecture_360P-5d0a,3.416,Lecture,360
508,Lecture_360P-63bf,3.267,Lecture,360
509,Lecture_360P-6656,3.458,Lecture,360
510,Lecture_360P-6702,3.819,Lecture,360
511,Lecture_360P-6d29,2.99,Lecture,360
512,Lecture_360P-7550,3.033,Lecture,360
513,Lecture_360P-7a57,3.493,Lecture,360
514,Lecture_360P-7f7e,3.679,Lecture,360
515,Lecture_480P-02f2,3.261,Lecture,480
516,Lecture_480P-10de,3.744,Lecture,480
517,Lecture_480P-11df,3.514,Lecture,480
518,Lecture_480P-181a,1.785,Lecture,480
519,Lecture_480P-1ec3,3.186,Lecture,480
520,Lecture_480P-2513,1.879,Lecture,480
521,Lecture_480P-2655,3.261,Lecture,480
522,Lecture_480P-2ed0,1.453,Lecture,480
523,Lecture_480P-369f,4.193,Lecture,480
524,Lecture_480P-3bdc,3.168,Lecture,480
525,Lecture_480P-41b7,3.328,Lecture,480
526,Lecture_480P-4272,3.457,Lecture,480
527,Lecture_480P-42c3,3.451,Lecture,480
528,Lecture_480P-4bc3,3.93,Lecture,480
529,Lecture_480P-4c86,3.666,Lecture,480
530,Lecture_480P-5aee,2.606,Lecture,480
531,Lecture_480P-5cd7,4.024,Lecture,480
532,Lecture_480P-5f3a,2.324,Lecture,480
533,Lecture_480P-6191,3.502,Lecture,480
534,Lecture_480P-6b1e,3.368,Lecture,480
535,Lecture_480P-71c0,3.249,Lecture,480
536,Lecture_480P-71d6,3.275,Lecture,480
537,Lecture_480P-7205,3.417,Lecture,480
538,Lecture_480P-73f6,3.256,Lecture,480
539,Lecture_480P-74cf,3.428,Lecture,480
540,Lecture_480P-74ea,3.258,Lecture,480
541,Lecture_480P-7d77,3.598,Lecture,480
542,Lecture_480P-7e55,3.538,Lecture,480
543,Lecture_480P-7eec,3.015,Lecture,480
544,Lecture_720P-003a,3.812,Lecture,720
545,Lecture_720P-07e0,4.082,Lecture,720
546,Lecture_720P-094d,3.616,Lecture,720
547,Lecture_720P-0f64,3.58,Lecture,720
548,Lecture_720P-1033,3.541,Lecture,720
549,Lecture_720P-10bc,3.116,Lecture,720
550,Lecture_720P-11e7,2.569,Lecture,720
551,Lecture_720P-1e62,3.958,Lecture,720
552,Lecture_720P-1f22,4.233,Lecture,720
553,Lecture_720P-2442,3.39,Lecture,720
554,Lecture_720P-26df,3.581,Lecture,720
555,Lecture_720P-2b0f,3.852,Lecture,720
556,Lecture_720P-2f38,3.552,Lecture,720
557,Lecture_720P-2f8c,3.839,Lecture,720
558,Lecture_720P-3b7f,4.106,Lecture,720
559,Lecture_720P-3f9f,3.479,Lecture,720
560,Lecture_720P-4c87,3.743,Lecture,720
561,Lecture_720P-50b9,3.579,Lecture,720
562,Lecture_720P-5120,4.295,Lecture,720
563,Lecture_720P-53a1,3.586,Lecture,720
564,Lecture_720P-5725,4.262,Lecture,720
565,Lecture_720P-5c7e,3.846,Lecture,720
566,Lecture_720P-6016,3.043,Lecture,720
567,Lecture_720P-6951,4.163,Lecture,720
568,Lecture_720P-7189,3.869,Lecture,720
569,Lecture_720P-7dcf,3.772,Lecture,720
570,Lecture_720P-7e40,4.246,Lecture,720
571,LiveMusic_1080P-14af,4.45,LiveMusic,1080
572,LiveMusic_1080P-157b,4.36,LiveMusic,1080
573,LiveMusic_1080P-1ace,4.162,LiveMusic,1080
574,LiveMusic_1080P-21dd,3.819,LiveMusic,1080
575,LiveMusic_1080P-28fe,3.693,LiveMusic,1080
576,LiveMusic_1080P-2930,3.776,LiveMusic,1080
577,LiveMusic_1080P-2b7a,3.954,LiveMusic,1080
578,LiveMusic_1080P-2f7f,3.326,LiveMusic,1080
579,LiveMusic_1080P-3549,3.906,LiveMusic,1080
580,LiveMusic_1080P-3e1a,3.248,LiveMusic,1080
581,LiveMusic_1080P-3f95,4.05,LiveMusic,1080
582,LiveMusic_1080P-48d5,4.403,LiveMusic,1080
583,LiveMusic_1080P-514e,3.71,LiveMusic,1080
584,LiveMusic_1080P-51f6,3.819,LiveMusic,1080
585,LiveMusic_1080P-541f,4.174,LiveMusic,1080
586,LiveMusic_1080P-59b3,3.443,LiveMusic,1080
587,LiveMusic_1080P-6b1c,4.255,LiveMusic,1080
588,LiveMusic_1080P-6bbe,4.329,LiveMusic,1080
589,LiveMusic_1080P-6d1a,3.78,LiveMusic,1080
590,LiveMusic_1080P-6fe2,3.281,LiveMusic,1080
591,LiveMusic_1080P-77e8,3.346,LiveMusic,1080
592,LiveMusic_1080P-7948,3.838,LiveMusic,1080
593,LiveMusic_1080P-7ead,3.559,LiveMusic,1080
594,LiveMusic_360P-121f,3.43,LiveMusic,360
595,LiveMusic_360P-1d94,3.028,LiveMusic,360
596,LiveMusic_360P-22c5,3.231,LiveMusic,360
597,LiveMusic_360P-2508,3.004,LiveMusic,360
598,LiveMusic_360P-265c,2.339,LiveMusic,360
599,LiveMusic_360P-2b0f,3.401,LiveMusic,360
600,LiveMusic_360P-3979,1.838,LiveMusic,360
601,LiveMusic_360P-3b96,2.358,LiveMusic,360
602,LiveMusic_360P-3be0,1.72,LiveMusic,360
603,LiveMusic_360P-405c,3.453,LiveMusic,360
604,LiveMusic_360P-48d5,3.325,LiveMusic,360
605,LiveMusic_360P-5281,3.596,LiveMusic,360
606,LiveMusic_360P-54d0,3.559,LiveMusic,360
607,LiveMusic_360P-5b57,2.773,LiveMusic,360
608,LiveMusic_360P-6266,3.383,LiveMusic,360
609,LiveMusic_360P-6640,3.11,LiveMusic,360
610,LiveMusic_360P-6a65,2.427,LiveMusic,360
611,LiveMusic_360P-6f93,2.562,LiveMusic,360
612,LiveMusic_360P-7483,3.063,LiveMusic,360
613,LiveMusic_360P-7e1c,2.88,LiveMusic,360
614,LiveMusic_480P-0638,2.909,LiveMusic,480
615,LiveMusic_480P-1a91,3.173,LiveMusic,480
616,LiveMusic_480P-2019,3.631,LiveMusic,480
617,LiveMusic_480P-2a5e,3.089,LiveMusic,480
618,LiveMusic_480P-331a,2.441,LiveMusic,480
619,LiveMusic_480P-34be,3.689,LiveMusic,480
620,LiveMusic_480P-38f3,2.973,LiveMusic,480
621,LiveMusic_480P-3d03,2.729,LiveMusic,480
622,LiveMusic_480P-427e,2.454,LiveMusic,480
623,LiveMusic_480P-459c,2.755,LiveMusic,480
624,LiveMusic_480P-474a,1.491,LiveMusic,480
625,LiveMusic_480P-4c3a,2.907,LiveMusic,480
626,LiveMusic_480P-4f88,3.267,LiveMusic,480
627,LiveMusic_480P-559d,3.695,LiveMusic,480
628,LiveMusic_480P-58fb,3.502,LiveMusic,480
629,LiveMusic_480P-61ef,3.153,LiveMusic,480
630,LiveMusic_480P-636e,2.178,LiveMusic,480
631,LiveMusic_480P-6542,3.249,LiveMusic,480
632,LiveMusic_480P-65ca,3.691,LiveMusic,480
633,LiveMusic_720P-0cd5,4.042,LiveMusic,720
634,LiveMusic_720P-0d9f,3.319,LiveMusic,720
635,LiveMusic_720P-2620,3.721,LiveMusic,720
636,LiveMusic_720P-267b,3.525,LiveMusic,720
637,LiveMusic_720P-289b,2.436,LiveMusic,720
638,LiveMusic_720P-3320,3.45,LiveMusic,720
639,LiveMusic_720P-364b,4.08,LiveMusic,720
640,LiveMusic_720P-4ae2,3.285,LiveMusic,720
641,LiveMusic_720P-58db,4.382,LiveMusic,720
642,LiveMusic_720P-6343,3.304,LiveMusic,720
643,LiveMusic_720P-6452,3.098,LiveMusic,720
644,LiveMusic_720P-653e,3.112,LiveMusic,720
645,LiveMusic_720P-65f6,4.019,LiveMusic,720
646,LiveMusic_720P-66df,4.592,LiveMusic,720
647,LiveMusic_720P-71c5,3.605,LiveMusic,720
648,LyricVideo_1080P-0075,2.814,LyricVideo,1080
649,LyricVideo_1080P-0625,4.3,LyricVideo,1080
650,LyricVideo_1080P-11f0,2.698,LyricVideo,1080
651,LyricVideo_1080P-12af,4.244,LyricVideo,1080
652,LyricVideo_1080P-16b6,4.381,LyricVideo,1080
653,LyricVideo_1080P-1b04,3.803,LyricVideo,1080
654,LyricVideo_1080P-1d75,4.299,LyricVideo,1080
655,LyricVideo_1080P-23db,2.308,LyricVideo,1080
656,LyricVideo_1080P-28e8,3.268,LyricVideo,1080
657,LyricVideo_1080P-2946,4.177,LyricVideo,1080
658,LyricVideo_1080P-3803,3.95,LyricVideo,1080
659,LyricVideo_1080P-3b60,3.955,LyricVideo,1080
660,LyricVideo_1080P-41ee,4.071,LyricVideo,1080
661,LyricVideo_1080P-4b40,3.636,LyricVideo,1080
662,LyricVideo_1080P-5461,4.031,LyricVideo,1080
663,LyricVideo_1080P-584f,3.188,LyricVideo,1080
664,LyricVideo_1080P-5a1f,4.014,LyricVideo,1080
665,LyricVideo_1080P-63d4,4.221,LyricVideo,1080
666,LyricVideo_1080P-63d9,3.512,LyricVideo,1080
667,LyricVideo_1080P-725e,4.399,LyricVideo,1080
668,LyricVideo_1080P-756a,4.228,LyricVideo,1080
669,LyricVideo_360P-0ac7,2.964,LyricVideo,360
670,LyricVideo_360P-11eb,3.339,LyricVideo,360
671,LyricVideo_360P-17ce,2.83,LyricVideo,360
672,LyricVideo_360P-3afc,2.685,LyricVideo,360
673,LyricVideo_360P-5868,3.107,LyricVideo,360
674,LyricVideo_360P-597b,3.05,LyricVideo,360
675,LyricVideo_360P-5b54,3.069,LyricVideo,360
676,LyricVideo_360P-5e87,2.999,LyricVideo,360
677,LyricVideo_360P-64fb,3.092,LyricVideo,360
678,LyricVideo_360P-7fb1,3.568,LyricVideo,360
679,LyricVideo_480P-0722,2.619,LyricVideo,480
680,LyricVideo_480P-0a5b,3.247,LyricVideo,480
681,LyricVideo_480P-0f72,2.064,LyricVideo,480
682,LyricVideo_480P-1484,3.145,LyricVideo,480
683,LyricVideo_480P-1533,3.031,LyricVideo,480
684,LyricVideo_480P-1ea4,3.622,LyricVideo,480
685,LyricVideo_480P-200a,3.063,LyricVideo,480
686,LyricVideo_480P-2c50,2.985,LyricVideo,480
687,LyricVideo_480P-3b2c,3.472,LyricVideo,480
688,LyricVideo_480P-3ccf,2.639,LyricVideo,480
689,LyricVideo_480P-4346,3.193,LyricVideo,480
690,LyricVideo_480P-51e4,3.179,LyricVideo,480
691,LyricVideo_480P-5c17,3.344,LyricVideo,480
692,LyricVideo_480P-6385,2.535,LyricVideo,480
693,LyricVideo_480P-6f34,3.661,LyricVideo,480
694,LyricVideo_480P-6fca,2.572,LyricVideo,480
695,LyricVideo_480P-7919,2.508,LyricVideo,480
696,LyricVideo_720P-068d,3.825,LyricVideo,720
697,LyricVideo_720P-081c,4.19,LyricVideo,720
698,LyricVideo_720P-0940,3.045,LyricVideo,720
699,LyricVideo_720P-09ed,3.026,LyricVideo,720
700,LyricVideo_720P-0ae4,3.717,LyricVideo,720
701,LyricVideo_720P-1c89,3.93,LyricVideo,720
702,LyricVideo_720P-2d24,4.199,LyricVideo,720
703,LyricVideo_720P-2f12,3.956,LyricVideo,720
704,LyricVideo_720P-36fb,3.839,LyricVideo,720
705,LyricVideo_720P-38ee,4.088,LyricVideo,720
706,LyricVideo_720P-4253,4.066,LyricVideo,720
707,LyricVideo_720P-47a9,2.816,LyricVideo,720
708,LyricVideo_720P-59ed,4.315,LyricVideo,720
709,LyricVideo_720P-5d3a,3.939,LyricVideo,720
710,LyricVideo_720P-63c3,4.315,LyricVideo,720
711,LyricVideo_720P-6f0c,2.803,LyricVideo,720
712,LyricVideo_720P-6fc9,2.671,LyricVideo,720
713,LyricVideo_720P-7003,3.615,LyricVideo,720
714,LyricVideo_720P-739a,2.877,LyricVideo,720
715,LyricVideo_720P-74a0,4.415,LyricVideo,720
716,LyricVideo_720P-7f44,4.196,LyricVideo,720
717,MusicVideo_1080P-04b6,4.288,MusicVideo,1080
718,MusicVideo_1080P-0706,4.084,MusicVideo,1080
719,MusicVideo_1080P-0860,3.963,MusicVideo,1080
720,MusicVideo_1080P-106d,3.259,MusicVideo,1080
721,MusicVideo_1080P-16e6,4.349,MusicVideo,1080
722,MusicVideo_1080P-18f5,3.829,MusicVideo,1080
723,MusicVideo_1080P-1a53,3.577,MusicVideo,1080
724,MusicVideo_1080P-24f5,4.283,MusicVideo,1080
725,MusicVideo_1080P-2b2b,4.436,MusicVideo,1080
726,MusicVideo_1080P-2d1c,3.616,MusicVideo,1080
727,MusicVideo_1080P-34ff,3.658,MusicVideo,1080
728,MusicVideo_1080P-3a50,3.69,MusicVideo,1080
729,MusicVideo_1080P-453f,4.372,MusicVideo,1080
730,MusicVideo_1080P-4671,3.083,MusicVideo,1080
731,MusicVideo_1080P-4b61,3.885,MusicVideo,1080
732,MusicVideo_1080P-5072,4.19,MusicVideo,1080
733,MusicVideo_1080P-55af,3.748,MusicVideo,1080
734,MusicVideo_1080P-59c4,3.529,MusicVideo,1080
735,MusicVideo_1080P-5f03,3.265,MusicVideo,1080
736,MusicVideo_1080P-6260,3.042,MusicVideo,1080
737,MusicVideo_1080P-65c6,4.066,MusicVideo,1080
738,MusicVideo_1080P-6c1d,4.323,MusicVideo,1080
739,MusicVideo_1080P-6c88,3.318,MusicVideo,1080
740,MusicVideo_1080P-6fb1,3.492,MusicVideo,1080
741,MusicVideo_1080P-7265,3.566,MusicVideo,1080
742,MusicVideo_1080P-7706,2.925,MusicVideo,1080
743,MusicVideo_1080P-7736,4.371,MusicVideo,1080
744,MusicVideo_1080P-7f2e,3.75,MusicVideo,1080
745,MusicVideo_360P-08cb,3.401,MusicVideo,360
746,MusicVideo_360P-17e4,3.233,MusicVideo,360
747,MusicVideo_360P-24b0,3.512,MusicVideo,360
748,MusicVideo_360P-2a75,2.754,MusicVideo,360
749,MusicVideo_360P-2fcb,3.619,MusicVideo,360
750,MusicVideo_360P-462f,3.51,MusicVideo,360
751,MusicVideo_360P-4de7,2.968,MusicVideo,360
752,MusicVideo_360P-5358,3.069,MusicVideo,360
753,MusicVideo_360P-5578,2.873,MusicVideo,360
754,MusicVideo_360P-5699,3.776,MusicVideo,360
755,MusicVideo_360P-5f07,2.921,MusicVideo,360
756,MusicVideo_360P-5f8d,2.437,MusicVideo,360
757,MusicVideo_360P-648c,3.272,MusicVideo,360
758,MusicVideo_360P-7b94,2.44,MusicVideo,360
759,MusicVideo_480P-001f,3.377,MusicVideo,480
760,MusicVideo_480P-0448,3.453,MusicVideo,480
761,MusicVideo_480P-12fb,3.059,MusicVideo,480
762,MusicVideo_480P-184c,3.726,MusicVideo,480
763,MusicVideo_480P-1eee,3.061,MusicVideo,480
764,MusicVideo_480P-2de0,3.47,MusicVideo,480
765,MusicVideo_480P-3aa2,2.767,MusicVideo,480
766,MusicVideo_480P-3c8b,2.908,MusicVideo,480
767,MusicVideo_480P-41ce,3.766,MusicVideo,480
768,MusicVideo_480P-4802,4.268,MusicVideo,480
769,MusicVideo_480P-483b,1.539,MusicVideo,480
770,MusicVideo_480P-4cc8,3.346,MusicVideo,480
771,MusicVideo_480P-5461,4.272,MusicVideo,480
772,MusicVideo_480P-5830,3.045,MusicVideo,480
773,MusicVideo_480P-6026,3.033,MusicVideo,480
774,MusicVideo_480P-61ba,1.756,MusicVideo,480
775,MusicVideo_480P-66b2,2.709,MusicVideo,480
776,MusicVideo_480P-6fb6,3.611,MusicVideo,480
777,MusicVideo_480P-7643,3.093,MusicVideo,480
778,MusicVideo_480P-7955,3.509,MusicVideo,480
779,MusicVideo_720P-0355,1.907,MusicVideo,720
780,MusicVideo_720P-0752,4.365,MusicVideo,720
781,MusicVideo_720P-14f0,2.382,MusicVideo,720
782,MusicVideo_720P-2d7d,2.988,MusicVideo,720
783,MusicVideo_720P-3698,4.378,MusicVideo,720
784,MusicVideo_720P-3b11,3.6,MusicVideo,720
785,MusicVideo_720P-3c4c,4.135,MusicVideo,720
786,MusicVideo_720P-4179,3.535,MusicVideo,720
787,MusicVideo_720P-44c1,4.499,MusicVideo,720
788,MusicVideo_720P-4895,4.173,MusicVideo,720
789,MusicVideo_720P-4ad2,3.756,MusicVideo,720
790,MusicVideo_720P-575d,3.242,MusicVideo,720
791,MusicVideo_720P-5c9c,2.471,MusicVideo,720
792,MusicVideo_720P-62df,4.246,MusicVideo,720
793,MusicVideo_720P-734f,3.848,MusicVideo,720
794,MusicVideo_720P-7501,2.598,MusicVideo,720
795,MusicVideo_720P-7bcf,3.536,MusicVideo,720
796,NewsClip_1080P-00c3,4.421,NewsClip,1080
797,NewsClip_1080P-02fd,4.159,NewsClip,1080
798,NewsClip_1080P-06df,4.489,NewsClip,1080
799,NewsClip_1080P-0abf,3.672,NewsClip,1080
800,NewsClip_1080P-0f9a,4.026,NewsClip,1080
801,NewsClip_1080P-1db0,4.141,NewsClip,1080
802,NewsClip_1080P-22b3,3.812,NewsClip,1080
803,NewsClip_1080P-25ea,4.291,NewsClip,1080
804,NewsClip_1080P-27fb,4.002,NewsClip,1080
805,NewsClip_1080P-2eb0,4.484,NewsClip,1080
806,NewsClip_1080P-3427,4.382,NewsClip,1080
807,NewsClip_1080P-392e,4.423,NewsClip,1080
808,NewsClip_1080P-3c7c,4.462,NewsClip,1080
809,NewsClip_1080P-3cc6,3.557,NewsClip,1080
810,NewsClip_1080P-4241,3.936,NewsClip,1080
811,NewsClip_1080P-48ae,3.887,NewsClip,1080
812,NewsClip_1080P-512d,3.607,NewsClip,1080
813,NewsClip_1080P-5386,3.935,NewsClip,1080
814,NewsClip_1080P-5a5b,2.717,NewsClip,1080
815,NewsClip_1080P-5aa7,4.296,NewsClip,1080
816,NewsClip_1080P-5b53,4.45,NewsClip,1080
817,NewsClip_1080P-5be1,4.065,NewsClip,1080
818,NewsClip_1080P-5c61,3.405,NewsClip,1080
819,NewsClip_1080P-632e,3.517,NewsClip,1080
820,NewsClip_1080P-6708,3.222,NewsClip,1080
821,NewsClip_1080P-6739,2.987,NewsClip,1080
822,NewsClip_1080P-67dc,3.977,NewsClip,1080
823,NewsClip_1080P-6e81,4.223,NewsClip,1080
824,NewsClip_1080P-741f,3.928,NewsClip,1080
825,NewsClip_1080P-7816,3.855,NewsClip,1080
826,NewsClip_1080P-7f69,3.705,NewsClip,1080
827,NewsClip_360P-0376,3.095,NewsClip,360
828,NewsClip_360P-0ab8,2.685,NewsClip,360
829,NewsClip_360P-0c17,2.968,NewsClip,360
830,NewsClip_360P-0ff8,3.518,NewsClip,360
831,NewsClip_360P-1093,3.1,NewsClip,360
832,NewsClip_360P-12fc,2.902,NewsClip,360
833,NewsClip_360P-1b1c,3.514,NewsClip,360
834,NewsClip_360P-1e1c,3.254,NewsClip,360
835,NewsClip_360P-1eae,3.467,NewsClip,360
836,NewsClip_360P-22ce,2.698,NewsClip,360
837,NewsClip_360P-274e,3.332,NewsClip,360
838,NewsClip_360P-2986,2.902,NewsClip,360
839,NewsClip_360P-2c91,2.859,NewsClip,360
840,NewsClip_360P-311a,2.447,NewsClip,360
841,NewsClip_360P-3451,2.121,NewsClip,360
842,NewsClip_360P-4288,3.393,NewsClip,360
843,NewsClip_360P-439a,3.282,NewsClip,360
844,NewsClip_360P-4417,2.924,NewsClip,360
845,NewsClip_360P-5052,2.095,NewsClip,360
846,NewsClip_360P-5752,3.346,NewsClip,360
847,NewsClip_360P-5bcc,2.864,NewsClip,360
848,NewsClip_360P-5f3b,2.298,NewsClip,360
849,NewsClip_360P-66ae,3.218,NewsClip,360
850,NewsClip_360P-67ce,3.196,NewsClip,360
851,NewsClip_360P-7a96,2.291,NewsClip,360
852,NewsClip_480P-0269,3.04,NewsClip,480
853,NewsClip_480P-0ce5,3.265,NewsClip,480
854,NewsClip_480P-15fa,3.581,NewsClip,480
855,NewsClip_480P-2407,2.688,NewsClip,480
856,NewsClip_480P-2642,2.688,NewsClip,480
857,NewsClip_480P-28eb,2.998,NewsClip,480
858,NewsClip_480P-2b9b,2.421,NewsClip,480
859,NewsClip_480P-2ba7,2.791,NewsClip,480
860,NewsClip_480P-2fb7,3.023,NewsClip,480
861,NewsClip_480P-31bd,3.61,NewsClip,480
862,NewsClip_480P-3672,3.802,NewsClip,480
863,NewsClip_480P-36d0,3.764,NewsClip,480
864,NewsClip_480P-4072,2.481,NewsClip,480
865,NewsClip_480P-41b1,3.623,NewsClip,480
866,NewsClip_480P-437c,3.011,NewsClip,480
867,NewsClip_480P-49c9,3.975,NewsClip,480
868,NewsClip_480P-4a9f,2.983,NewsClip,480
869,NewsClip_480P-4e77,3.45,NewsClip,480
870,NewsClip_480P-543f,3.423,NewsClip,480
871,NewsClip_480P-5a3b,2.237,NewsClip,480
872,NewsClip_480P-5e7f,3.105,NewsClip,480
873,NewsClip_480P-606e,2.921,NewsClip,480
874,NewsClip_480P-6615,3.51,NewsClip,480
875,NewsClip_480P-696e,3.102,NewsClip,480
876,NewsClip_480P-6bfa,3.793,NewsClip,480
877,NewsClip_480P-7232,2.991,NewsClip,480
878,NewsClip_480P-72b8,3.407,NewsClip,480
879,NewsClip_480P-7315,2.937,NewsClip,480
880,NewsClip_480P-7a0d,3.754,NewsClip,480
881,NewsClip_720P-04ba,3.49,NewsClip,720
882,NewsClip_720P-0c81,3.893,NewsClip,720
883,NewsClip_720P-1971,4.272,NewsClip,720
884,NewsClip_720P-2182,3.494,NewsClip,720
885,NewsClip_720P-23e0,4.11,NewsClip,720
886,NewsClip_720P-2882,3.667,NewsClip,720
887,NewsClip_720P-35d9,3.017,NewsClip,720
888,NewsClip_720P-37f7,3.716,NewsClip,720
889,NewsClip_720P-4603,3.454,NewsClip,720
890,NewsClip_720P-4e87,4.368,NewsClip,720
891,NewsClip_720P-5564,4.377,NewsClip,720
892,NewsClip_720P-5787,4.483,NewsClip,720
893,NewsClip_720P-579b,2.866,NewsClip,720
894,NewsClip_720P-5d89,4.48,NewsClip,720
895,NewsClip_720P-6016,4.522,NewsClip,720
896,NewsClip_720P-6106,2.996,NewsClip,720
897,NewsClip_720P-672c,3.987,NewsClip,720
898,NewsClip_720P-6a19,3.547,NewsClip,720
899,NewsClip_720P-6aa6,4.363,NewsClip,720
900,NewsClip_720P-6cde,4.297,NewsClip,720
901,NewsClip_720P-72d2,4.357,NewsClip,720
902,NewsClip_720P-7345,3.97,NewsClip,720
903,NewsClip_720P-739b,4.007,NewsClip,720
904,NewsClip_720P-7745,4.528,NewsClip,720
905,NewsClip_720P-7b7e,4.145,NewsClip,720
906,NewsClip_720P-7b97,2.803,NewsClip,720
907,NewsClip_720P-7c67,4.434,NewsClip,720
908,NewsClip_720P-7e56,4.41,NewsClip,720
909,Sports_1080P-0063,3.447,Sports,1080
910,Sports_1080P-0640,3.524,Sports,1080
911,Sports_1080P-08e1,4.224,Sports,1080
912,Sports_1080P-0d0c,3.98,Sports,1080
913,Sports_1080P-15d1,4.57,Sports,1080
914,Sports_1080P-19d8,4.472,Sports,1080
915,Sports_1080P-1ae3,3.352,Sports,1080
916,Sports_1080P-1bf7,4.49,Sports,1080
917,Sports_1080P-1d78,3.378,Sports,1080
918,Sports_1080P-241e,4.411,Sports,1080
919,Sports_1080P-2524,3.662,Sports,1080
920,Sports_1080P-28a6,4.452,Sports,1080
921,Sports_1080P-2a21,3.231,Sports,1080
922,Sports_1080P-3a3b,3.669,Sports,1080
923,Sports_1080P-3db7,4.021,Sports,1080
924,Sports_1080P-3eb0,3.819,Sports,1080
925,Sports_1080P-43e2,4.414,Sports,1080
926,Sports_1080P-46ed,3.493,Sports,1080
927,Sports_1080P-47e9,4.106,Sports,1080
928,Sports_1080P-4978,4.341,Sports,1080
929,Sports_1080P-49c5,4.142,Sports,1080
930,Sports_1080P-4e05,3.445,Sports,1080
931,Sports_1080P-53a0,3.429,Sports,1080
932,Sports_1080P-5d25,3.478,Sports,1080
933,Sports_1080P-6571,3.652,Sports,1080
934,Sports_1080P-6710,4.335,Sports,1080
935,Sports_1080P-679d,4.366,Sports,1080
936,Sports_1080P-7203,3.91,Sports,1080
937,Sports_1080P-7584,3.755,Sports,1080
938,Sports_1080P-76a2,4.054,Sports,1080
939,Sports_1080P-7dba,3.718,Sports,1080
940,Sports_2160P-0455,4.287,Sports,2160
941,Sports_2160P-086d,4.376,Sports,2160
942,Sports_2160P-1261,4.114,Sports,2160
943,Sports_2160P-1733,4.373,Sports,2160
944,Sports_2160P-1b70,4.508,Sports,2160
945,Sports_2160P-1ddc,3.466,Sports,2160
946,Sports_2160P-210c,4.462,Sports,2160
947,Sports_2160P-2568,4.401,Sports,2160
948,Sports_2160P-2626,4.388,Sports,2160
949,Sports_2160P-279f,4.526,Sports,2160
950,Sports_2160P-2a83,4.002,Sports,2160
951,Sports_2160P-2e1d,4.457,Sports,2160
952,Sports_2160P-2eda,4.307,Sports,2160
953,Sports_2160P-300d,3.67,Sports,2160
954,Sports_2160P-324e,4.317,Sports,2160
955,Sports_2160P-349c,4.302,Sports,2160
956,Sports_2160P-3794,3.158,Sports,2160
957,Sports_2160P-391a,4.281,Sports,2160
958,Sports_2160P-3a9a,3.633,Sports,2160
959,Sports_2160P-3d85,4.517,Sports,2160
960,Sports_2160P-4024,4.054,Sports,2160
961,Sports_2160P-4201,4.012,Sports,2160
962,Sports_2160P-49f1,4.287,Sports,2160
963,Sports_2160P-4aae,4.323,Sports,2160
964,Sports_2160P-4e9f,4.405,Sports,2160
965,Sports_2160P-5ef3,4.209,Sports,2160
966,Sports_2160P-69b9,4.564,Sports,2160
967,Sports_2160P-6b28,4.391,Sports,2160
968,Sports_2160P-7165,4.351,Sports,2160
969,Sports_2160P-7a11,4.373,Sports,2160
970,Sports_2160P-7af7,3.95,Sports,2160
971,Sports_2160P-7af8,3.563,Sports,2160
972,Sports_2160P-7bbe,4.343,Sports,2160
973,Sports_360P-02c3,3.396,Sports,360
974,Sports_360P-0c66,3.097,Sports,360
975,Sports_360P-0dda,2.868,Sports,360
976,Sports_360P-11b7,2.401,Sports,360
977,Sports_360P-12ee,3.869,Sports,360
978,Sports_360P-1803,3.593,Sports,360
979,Sports_360P-1a23,3.844,Sports,360
980,Sports_360P-1d5c,3.781,Sports,360
981,Sports_360P-2725,2.862,Sports,360
982,Sports_360P-27b0,2.82,Sports,360
983,Sports_360P-2ace,3.444,Sports,360
984,Sports_360P-2e48,2.744,Sports,360
985,Sports_360P-301d,3.667,Sports,360
986,Sports_360P-32d3,3.012,Sports,360
987,Sports_360P-35e1,3.887,Sports,360
988,Sports_360P-3960,2.787,Sports,360
989,Sports_360P-3e68,2.508,Sports,360
990,Sports_360P-4545,2.432,Sports,360
991,Sports_360P-46c6,3.378,Sports,360
992,Sports_360P-4802,2.582,Sports,360
993,Sports_360P-4ad7,2.327,Sports,360
994,Sports_360P-50fd,3.011,Sports,360
995,Sports_360P-5252,2.538,Sports,360
996,Sports_360P-5ded,3.784,Sports,360
997,Sports_360P-61f6,3.393,Sports,360
998,Sports_360P-65f3,2.826,Sports,360
999,Sports_360P-6b4f,2.981,Sports,360
1000,Sports_360P-6c6f,2.556,Sports,360
1001,Sports_360P-6cfd,2.999,Sports,360
1002,Sports_360P-6f62,3.594,Sports,360
1003,Sports_360P-7f50,1.963,Sports,360
1004,Sports_480P-0623,3.106,Sports,480
1005,Sports_480P-0827,2.914,Sports,480
1006,Sports_480P-0af9,3.765,Sports,480
1007,Sports_480P-0bb9,3.419,Sports,480
1008,Sports_480P-0efe,3.673,Sports,480
1009,Sports_480P-1019,3.316,Sports,480
1010,Sports_480P-1056,3.149,Sports,480
1011,Sports_480P-11ec,1.612,Sports,480
1012,Sports_480P-1396,3.459,Sports,480
1013,Sports_480P-19e4,3.835,Sports,480
1014,Sports_480P-1d1b,2.177,Sports,480
1015,Sports_480P-1fe9,1.706,Sports,480
1016,Sports_480P-2053,3.149,Sports,480
1017,Sports_480P-211f,2.715,Sports,480
1018,Sports_480P-2dfe,2.401,Sports,480
1019,Sports_480P-3195,3.537,Sports,480
1020,Sports_480P-3404,3.533,Sports,480
1021,Sports_480P-35ea,3.668,Sports,480
1022,Sports_480P-3ca4,2.389,Sports,480
1023,Sports_480P-3dfd,3.498,Sports,480
1024,Sports_480P-3f50,4.234,Sports,480
1025,Sports_480P-41a5,1.97,Sports,480
1026,Sports_480P-44e5,3.17,Sports,480
1027,Sports_480P-4cf8,2.023,Sports,480
1028,Sports_480P-5224,2.866,Sports,480
1029,Sports_480P-5871,2.698,Sports,480
1030,Sports_480P-5f38,3.771,Sports,480
1031,Sports_480P-6508,3.448,Sports,480
1032,Sports_480P-6e41,3.306,Sports,480
1033,Sports_480P-77e3,3.053,Sports,480
1034,Sports_480P-7f7e,1.953,Sports,480
1035,Sports_720P-00a1,4.061,Sports,720
1036,Sports_720P-0104,4.223,Sports,720
1037,Sports_720P-058f,4.28,Sports,720
1038,Sports_720P-07d0,3.863,Sports,720
1039,Sports_720P-0b9e,3.942,Sports,720
1040,Sports_720P-17fb,3.591,Sports,720
1041,Sports_720P-2191,3.789,Sports,720
1042,Sports_720P-2234,4.16,Sports,720
1043,Sports_720P-2632,3.884,Sports,720
1044,Sports_720P-2c06,3.978,Sports,720
1045,Sports_720P-2c80,3.136,Sports,720
1046,Sports_720P-3072,3.18,Sports,720
1047,Sports_720P-3338,4.483,Sports,720
1048,Sports_720P-33c6,2.985,Sports,720
1049,Sports_720P-38a1,3.165,Sports,720
1050,Sports_720P-3eb4,3.802,Sports,720
1051,Sports_720P-3ffe,3.011,Sports,720
1052,Sports_720P-4b69,3.903,Sports,720
1053,Sports_720P-4c6f,4.105,Sports,720
1054,Sports_720P-50cf,3.372,Sports,720
1055,Sports_720P-531c,4.555,Sports,720
1056,Sports_720P-5833,3.205,Sports,720
1057,Sports_720P-5ae1,4.333,Sports,720
1058,Sports_720P-5bfd,4.677,Sports,720
1059,Sports_720P-5e39,3.685,Sports,720
1060,Sports_720P-5ea4,4.238,Sports,720
1061,Sports_720P-62ba,2.965,Sports,720
1062,Sports_720P-6365,4.047,Sports,720
1063,Sports_720P-675b,3.201,Sports,720
1064,Sports_720P-69a0,3.878,Sports,720
1065,Sports_720P-6bb7,3.882,Sports,720
1066,Sports_720P-6d04,3.783,Sports,720
1067,Sports_720P-7ba7,3.566,Sports,720
1068,TelevisionClip_1080P-0432,3.606,TelevisionClip,1080
1069,TelevisionClip_1080P-0604,3.765,TelevisionClip,1080
1070,TelevisionClip_1080P-3758,4.313,TelevisionClip,1080
1071,TelevisionClip_1080P-39e3,4.607,TelevisionClip,1080
1072,TelevisionClip_1080P-3b9b,4.251,TelevisionClip,1080
1073,TelevisionClip_1080P-3d10,4.052,TelevisionClip,1080
1074,TelevisionClip_1080P-3d83,3.382,TelevisionClip,1080
1075,TelevisionClip_1080P-3e42,1.989,TelevisionClip,1080
1076,TelevisionClip_1080P-401e,4.227,TelevisionClip,1080
1077,TelevisionClip_1080P-474b,3.581,TelevisionClip,1080
1078,TelevisionClip_1080P-4ad8,3.705,TelevisionClip,1080
1079,TelevisionClip_1080P-4c24,4.334,TelevisionClip,1080
1080,TelevisionClip_1080P-4c94,3.08,TelevisionClip,1080
1081,TelevisionClip_1080P-4ffb,2.898,TelevisionClip,1080
1082,TelevisionClip_1080P-525d,4.273,TelevisionClip,1080
1083,TelevisionClip_1080P-5278,4.099,TelevisionClip,1080
1084,TelevisionClip_1080P-58c5,3.766,TelevisionClip,1080
1085,TelevisionClip_1080P-5e68,4.604,TelevisionClip,1080
1086,TelevisionClip_1080P-5f62,3.925,TelevisionClip,1080
1087,TelevisionClip_1080P-6026,4.415,TelevisionClip,1080
1088,TelevisionClip_1080P-6282,4.199,TelevisionClip,1080
1089,TelevisionClip_1080P-63e6,4.228,TelevisionClip,1080
1090,TelevisionClip_1080P-64e2,3.791,TelevisionClip,1080
1091,TelevisionClip_1080P-68c6,4.561,TelevisionClip,1080
1092,TelevisionClip_1080P-7eff,4.144,TelevisionClip,1080
1093,TelevisionClip_360P-0951,2.511,TelevisionClip,360
1094,TelevisionClip_360P-11d5,2.842,TelevisionClip,360
1095,TelevisionClip_360P-29f1,2.581,TelevisionClip,360
1096,TelevisionClip_360P-3b9a,2.883,TelevisionClip,360
1097,TelevisionClip_360P-74dd,3.58,TelevisionClip,360
1098,TelevisionClip_360P-7b23,2.997,TelevisionClip,360
1099,TelevisionClip_480P-09d8,2.908,TelevisionClip,480
1100,TelevisionClip_480P-0d89,3.231,TelevisionClip,480
1101,TelevisionClip_480P-0e46,2.881,TelevisionClip,480
1102,TelevisionClip_480P-19d3,3.442,TelevisionClip,480
1103,TelevisionClip_480P-1b49,3.183,TelevisionClip,480
1104,TelevisionClip_480P-27ca,3.475,TelevisionClip,480
1105,TelevisionClip_480P-280f,3.489,TelevisionClip,480
1106,TelevisionClip_480P-2ead,2.371,TelevisionClip,480
1107,TelevisionClip_480P-30b6,2.609,TelevisionClip,480
1108,TelevisionClip_480P-3284,3.169,TelevisionClip,480
1109,TelevisionClip_480P-3617,2.312,TelevisionClip,480
1110,TelevisionClip_480P-373d,3.044,TelevisionClip,480
1111,TelevisionClip_480P-3c64,3.456,TelevisionClip,480
1112,TelevisionClip_480P-415c,3.544,TelevisionClip,480
1113,TelevisionClip_480P-436c,2.823,TelevisionClip,480
1114,TelevisionClip_480P-4c6b,3.85,TelevisionClip,480
1115,TelevisionClip_480P-59f0,2.896,TelevisionClip,480
1116,TelevisionClip_480P-723e,2.882,TelevisionClip,480
1117,TelevisionClip_720P-1862,3.238,TelevisionClip,720
1118,TelevisionClip_720P-19de,4.346,TelevisionClip,720
1119,TelevisionClip_720P-1b61,4.299,TelevisionClip,720
1120,TelevisionClip_720P-2b20,4.437,TelevisionClip,720
1121,TelevisionClip_720P-31ce,4.324,TelevisionClip,720
1122,TelevisionClip_720P-3f4c,2.515,TelevisionClip,720
1123,TelevisionClip_720P-44d1,3.839,TelevisionClip,720
1124,TelevisionClip_720P-4af1,3.213,TelevisionClip,720
1125,TelevisionClip_720P-4edb,4.015,TelevisionClip,720
1126,TelevisionClip_720P-522a,4.233,TelevisionClip,720
1127,TelevisionClip_720P-5e93,4.292,TelevisionClip,720
1128,TelevisionClip_720P-7c06,4.396,TelevisionClip,720
1129,VerticalVideo_1080P-04d4,4.15,VerticalVideo,1080
1130,VerticalVideo_1080P-1105,3.828,VerticalVideo,1080
1131,VerticalVideo_1080P-1ac1,3.979,VerticalVideo,1080
1132,VerticalVideo_1080P-1c86,1.848,VerticalVideo,1080
1133,VerticalVideo_1080P-2053,4.328,VerticalVideo,1080
1134,VerticalVideo_1080P-2195,2.891,VerticalVideo,1080
1135,VerticalVideo_1080P-2f00,4.36,VerticalVideo,1080
1136,VerticalVideo_1080P-30b0,3.339,VerticalVideo,1080
1137,VerticalVideo_1080P-34ba,3.382,VerticalVideo,1080
1138,VerticalVideo_1080P-360f,4.189,VerticalVideo,1080
1139,VerticalVideo_1080P-3709,4.367,VerticalVideo,1080
1140,VerticalVideo_1080P-3a9b,4.432,VerticalVideo,1080
1141,VerticalVideo_1080P-3d96,4.452,VerticalVideo,1080
1142,VerticalVideo_1080P-4591,3.439,VerticalVideo,1080
1143,VerticalVideo_1080P-4925,4.496,VerticalVideo,1080
1144,VerticalVideo_1080P-4b92,4.119,VerticalVideo,1080
1145,VerticalVideo_1080P-4da5,4.257,VerticalVideo,1080
1146,VerticalVideo_1080P-6e19,2.84,VerticalVideo,1080
1147,VerticalVideo_1080P-73b6,4.034,VerticalVideo,1080
1148,VerticalVideo_1080P-766b,3.305,VerticalVideo,1080
1149,VerticalVideo_1080P-7c5c,3.78,VerticalVideo,1080
1150,VerticalVideo_1080P-7cf3,3.955,VerticalVideo,1080
1151,VerticalVideo_2160P-6d62,4.199,VerticalVideo,2160
1152,VerticalVideo_360P-0d29,2.809,VerticalVideo,360
1153,VerticalVideo_360P-1424,3.732,VerticalVideo,360
1154,VerticalVideo_360P-145e,2.606,VerticalVideo,360
1155,VerticalVideo_360P-2bb0,3.073,VerticalVideo,360
1156,VerticalVideo_360P-2f15,3.442,VerticalVideo,360
1157,VerticalVideo_360P-2fa3,4.331,VerticalVideo,360
1158,VerticalVideo_360P-3936,3.794,VerticalVideo,360
1159,VerticalVideo_360P-3b4e,3.576,VerticalVideo,360
1160,VerticalVideo_360P-42f1,3.603,VerticalVideo,360
1161,VerticalVideo_360P-49de,3.223,VerticalVideo,360
1162,VerticalVideo_360P-52c1,2.352,VerticalVideo,360
1163,VerticalVideo_360P-5429,3.616,VerticalVideo,360
1164,VerticalVideo_360P-54f7,4.146,VerticalVideo,360
1165,VerticalVideo_360P-579c,3.058,VerticalVideo,360
1166,VerticalVideo_360P-634f,4.523,VerticalVideo,360
1167,VerticalVideo_360P-6490,2.973,VerticalVideo,360
1168,VerticalVideo_360P-694d,3.454,VerticalVideo,360
1169,VerticalVideo_360P-6ff2,3.543,VerticalVideo,360
1170,VerticalVideo_360P-70a9,2.814,VerticalVideo,360
1171,VerticalVideo_360P-7ba8,3.563,VerticalVideo,360
1172,VerticalVideo_360P-7ec3,3.909,VerticalVideo,360
1173,VerticalVideo_480P-0b07,4.306,VerticalVideo,480
1174,VerticalVideo_480P-1bb9,3.825,VerticalVideo,480
1175,VerticalVideo_480P-2aa1,4.402,VerticalVideo,480
1176,VerticalVideo_480P-2fa4,4.133,VerticalVideo,480
1177,VerticalVideo_480P-34b9,3.527,VerticalVideo,480
1178,VerticalVideo_480P-3a6a,4.337,VerticalVideo,480
1179,VerticalVideo_480P-40c5,3.157,VerticalVideo,480
1180,VerticalVideo_480P-419c,3.78,VerticalVideo,480
1181,VerticalVideo_480P-467e,3.383,VerticalVideo,480
1182,VerticalVideo_480P-5168,4.532,VerticalVideo,480
1183,VerticalVideo_480P-51b7,2.299,VerticalVideo,480
1184,VerticalVideo_480P-5351,2.992,VerticalVideo,480
1185,VerticalVideo_480P-550d,3.832,VerticalVideo,480
1186,VerticalVideo_480P-572a,3.499,VerticalVideo,480
1187,VerticalVideo_480P-7278,3.005,VerticalVideo,480
1188,VerticalVideo_480P-729c,3.609,VerticalVideo,480
1189,VerticalVideo_480P-790a,4.248,VerticalVideo,480
1190,VerticalVideo_720P-0750,3.71,VerticalVideo,720
1191,VerticalVideo_720P-0dac,2.934,VerticalVideo,720
1192,VerticalVideo_720P-0f61,4.522,VerticalVideo,720
1193,VerticalVideo_720P-19fa,4.269,VerticalVideo,720
1194,VerticalVideo_720P-1ada,3.532,VerticalVideo,720
1195,VerticalVideo_720P-2efc,3.523,VerticalVideo,720
1196,VerticalVideo_720P-3df7,3.602,VerticalVideo,720
1197,VerticalVideo_720P-42f2,3.199,VerticalVideo,720
1198,VerticalVideo_720P-44de,4.261,VerticalVideo,720
1199,VerticalVideo_720P-456c,3.711,VerticalVideo,720
1200,VerticalVideo_720P-4730,4.107,VerticalVideo,720
1201,VerticalVideo_720P-4ca7,4.442,VerticalVideo,720
1202,VerticalVideo_720P-57eb,4.068,VerticalVideo,720
1203,VerticalVideo_720P-5f7d,3.39,VerticalVideo,720
1204,VerticalVideo_720P-6580,2.979,VerticalVideo,720
1205,VerticalVideo_720P-665d,4.023,VerticalVideo,720
1206,VerticalVideo_720P-669d,4.176,VerticalVideo,720
1207,VerticalVideo_720P-6bf7,4.261,VerticalVideo,720
1208,VerticalVideo_720P-7517,4.271,VerticalVideo,720
1209,VerticalVideo_720P-7859,3.603,VerticalVideo,720
1210,VerticalVideo_720P-7c1d,4.502,VerticalVideo,720
1211,Vlog_1080P-010b,4.185,Vlog,1080
1212,Vlog_1080P-04fe,3.12,Vlog,1080
1213,Vlog_1080P-1609,2.528,Vlog,1080
1214,Vlog_1080P-18da,4.442,Vlog,1080
1215,Vlog_1080P-19bb,3.076,Vlog,1080
1216,Vlog_1080P-19cc,3.921,Vlog,1080
1217,Vlog_1080P-1a53,4.474,Vlog,1080
1218,Vlog_1080P-1df9,4.134,Vlog,1080
1219,Vlog_1080P-1e70,2.442,Vlog,1080
1220,Vlog_1080P-1f0a,3.872,Vlog,1080
1221,Vlog_1080P-21f5,3.327,Vlog,1080
1222,Vlog_1080P-232f,2.812,Vlog,1080
1223,Vlog_1080P-2394,4.641,Vlog,1080
1224,Vlog_1080P-23cb,3.069,Vlog,1080
1225,Vlog_1080P-25de,1.914,Vlog,1080
1226,Vlog_1080P-2600,3.882,Vlog,1080
1227,Vlog_1080P-26dc,3.685,Vlog,1080
1228,Vlog_1080P-290d,4.531,Vlog,1080
1229,Vlog_1080P-2cda,4.429,Vlog,1080
1230,Vlog_1080P-322f,3.558,Vlog,1080
1231,Vlog_1080P-34cb,2.428,Vlog,1080
1232,Vlog_1080P-35cd,3.196,Vlog,1080
1233,Vlog_1080P-3744,3.948,Vlog,1080
1234,Vlog_1080P-37cf,2.765,Vlog,1080
1235,Vlog_1080P-45c9,2.888,Vlog,1080
1236,Vlog_1080P-4921,4.031,Vlog,1080
1237,Vlog_1080P-4a91,1.431,Vlog,1080
1238,Vlog_1080P-4ba9,3.908,Vlog,1080
1239,Vlog_1080P-4f26,3.962,Vlog,1080
1240,Vlog_1080P-52fe,3.838,Vlog,1080
1241,Vlog_1080P-58ad,3.747,Vlog,1080
1242,Vlog_1080P-5904,4.365,Vlog,1080
1243,Vlog_1080P-5a19,3.596,Vlog,1080
1244,Vlog_1080P-5c65,2.998,Vlog,1080
1245,Vlog_1080P-5f28,2.811,Vlog,1080
1246,Vlog_1080P-5f50,4.422,Vlog,1080
1247,Vlog_1080P-62fc,4.255,Vlog,1080
1248,Vlog_1080P-634b,3.836,Vlog,1080
1249,Vlog_1080P-64b6,4.192,Vlog,1080
1250,Vlog_1080P-6686,3.926,Vlog,1080
1251,Vlog_1080P-687a,3.374,Vlog,1080
1252,Vlog_1080P-6980,3.344,Vlog,1080
1253,Vlog_1080P-7062,3.944,Vlog,1080
1254,Vlog_1080P-75b0,3.438,Vlog,1080
1255,Vlog_1080P-7b67,3.139,Vlog,1080
1256,Vlog_1080P-7e8c,3.042,Vlog,1080
1257,Vlog_2160P-0289,4.499,Vlog,2160
1258,Vlog_2160P-030a,2.448,Vlog,2160
1259,Vlog_2160P-03a9,4.263,Vlog,2160
1260,Vlog_2160P-0577,4.27,Vlog,2160
1261,Vlog_2160P-059c,4.441,Vlog,2160
1262,Vlog_2160P-09c9,2.876,Vlog,2160
1263,Vlog_2160P-0fb2,4.537,Vlog,2160
1264,Vlog_2160P-1021,2.938,Vlog,2160
1265,Vlog_2160P-11c0,3.19,Vlog,2160
1266,Vlog_2160P-13a1,3.859,Vlog,2160
1267,Vlog_2160P-13fe,3.992,Vlog,2160
1268,Vlog_2160P-19f9,3.919,Vlog,2160
1269,Vlog_2160P-1ff6,3.29,Vlog,2160
1270,Vlog_2160P-217c,3.202,Vlog,2160
1271,Vlog_2160P-255c,4.443,Vlog,2160
1272,Vlog_2160P-266c,2.846,Vlog,2160
1273,Vlog_2160P-26ef,3.887,Vlog,2160
1274,Vlog_2160P-2953,3.467,Vlog,2160
1275,Vlog_2160P-2b2d,3.906,Vlog,2160
1276,Vlog_2160P-2b61,3.897,Vlog,2160
1277,Vlog_2160P-3019,4.578,Vlog,2160
1278,Vlog_2160P-310b,3.857,Vlog,2160
1279,Vlog_2160P-327a,3.983,Vlog,2160
1280,Vlog_2160P-342a,4.321,Vlog,2160
1281,Vlog_2160P-360d,3.828,Vlog,2160
1282,Vlog_2160P-3a75,4.212,Vlog,2160
1283,Vlog_2160P-408f,3.79,Vlog,2160
1284,Vlog_2160P-416c,4.019,Vlog,2160
1285,Vlog_2160P-4362,4.554,Vlog,2160
1286,Vlog_2160P-4419,4.324,Vlog,2160
1287,Vlog_2160P-4655,3.887,Vlog,2160
1288,Vlog_2160P-4f98,3.47,Vlog,2160
1289,Vlog_2160P-522f,4.324,Vlog,2160
1290,Vlog_2160P-56e4,4.289,Vlog,2160
1291,Vlog_2160P-5874,4.101,Vlog,2160
1292,Vlog_2160P-6195,4.282,Vlog,2160
1293,Vlog_2160P-62b2,3.39,Vlog,2160
1294,Vlog_2160P-6629,4.27,Vlog,2160
1295,Vlog_2160P-6bf1,3.39,Vlog,2160
1296,Vlog_2160P-6f92,3.886,Vlog,2160
1297,Vlog_2160P-700c,3.881,Vlog,2160
1298,Vlog_2160P-70d6,3.067,Vlog,2160
1299,Vlog_2160P-7295,4.182,Vlog,2160
1300,Vlog_2160P-7324,4.194,Vlog,2160
1301,Vlog_2160P-77d8,3.667,Vlog,2160
1302,Vlog_2160P-7b10,3.864,Vlog,2160
1303,Vlog_2160P-7b5c,3.61,Vlog,2160
1304,Vlog_2160P-7bfb,4.206,Vlog,2160
1305,Vlog_2160P-7f05,3.111,Vlog,2160
1306,Vlog_2160P-7f9f,3.346,Vlog,2160
1307,Vlog_360P-0432,2.855,Vlog,360
1308,Vlog_360P-1b4c,3.182,Vlog,360
1309,Vlog_360P-1e5b,3.266,Vlog,360
1310,Vlog_360P-22a0,3.286,Vlog,360
1311,Vlog_360P-2973,2.902,Vlog,360
1312,Vlog_360P-2e9d,2.746,Vlog,360
1313,Vlog_360P-3121,2.775,Vlog,360
1314,Vlog_360P-3bc2,3.944,Vlog,360
1315,Vlog_360P-433e,3.198,Vlog,360
1316,Vlog_360P-435d,3.261,Vlog,360
1317,Vlog_360P-4697,3.551,Vlog,360
1318,Vlog_360P-4795,2.479,Vlog,360
1319,Vlog_360P-4ad1,3.016,Vlog,360
1320,Vlog_360P-4d71,3.052,Vlog,360
1321,Vlog_360P-5f43,3.189,Vlog,360
1322,Vlog_360P-6279,3.26,Vlog,360
1323,Vlog_360P-7334,3.266,Vlog,360
1324,Vlog_360P-76ae,2.606,Vlog,360
1325,Vlog_360P-7efe,2.912,Vlog,360
1326,Vlog_480P-016e,3.732,Vlog,480
1327,Vlog_480P-08c7,3.591,Vlog,480
1328,Vlog_480P-0980,2.755,Vlog,480
1329,Vlog_480P-0ddc,4.075,Vlog,480
1330,Vlog_480P-1b39,2.325,Vlog,480
1331,Vlog_480P-1c86,2.813,Vlog,480
1332,Vlog_480P-206f,2.779,Vlog,480
1333,Vlog_480P-279d,3.373,Vlog,480
1334,Vlog_480P-2cad,3.244,Vlog,480
1335,Vlog_480P-34ba,3.666,Vlog,480
1336,Vlog_480P-476b,3.431,Vlog,480
1337,Vlog_480P-4beb,2.512,Vlog,480
1338,Vlog_480P-5275,3.12,Vlog,480
1339,Vlog_480P-535d,2.846,Vlog,480
1340,Vlog_480P-59dc,3.206,Vlog,480
1341,Vlog_480P-5a31,3.19,Vlog,480
1342,Vlog_480P-5dfe,3.8,Vlog,480
1343,Vlog_480P-5e1c,2.581,Vlog,480
1344,Vlog_480P-5ebd,3.637,Vlog,480
1345,Vlog_480P-6395,3.755,Vlog,480
1346,Vlog_480P-6c60,2.487,Vlog,480
1347,Vlog_480P-7105,3.119,Vlog,480
1348,Vlog_480P-7237,3.89,Vlog,480
1349,Vlog_480P-7615,2.588,Vlog,480
1350,Vlog_480P-7754,3.944,Vlog,480
1351,Vlog_480P-7d0c,3.577,Vlog,480
1352,Vlog_480P-7ecf,2.9,Vlog,480
1353,Vlog_720P-033a,4.302,Vlog,720
1354,Vlog_720P-03d5,3.605,Vlog,720
1355,Vlog_720P-03f9,3.972,Vlog,720
1356,Vlog_720P-0d79,3.805,Vlog,720
1357,Vlog_720P-1003,3.604,Vlog,720
1358,Vlog_720P-11c5,3.816,Vlog,720
1359,Vlog_720P-131e,3.855,Vlog,720
1360,Vlog_720P-135c,3.872,Vlog,720
1361,Vlog_720P-141f,3.128,Vlog,720
1362,Vlog_720P-155f,4.316,Vlog,720
1363,Vlog_720P-1757,4.084,Vlog,720
1364,Vlog_720P-2929,3.918,Vlog,720
1365,Vlog_720P-313f,3.654,Vlog,720
1366,Vlog_720P-329f,3.7,Vlog,720
1367,Vlog_720P-32b2,4.365,Vlog,720
1368,Vlog_720P-343d,3.667,Vlog,720
1369,Vlog_720P-372d,4.047,Vlog,720
1370,Vlog_720P-3e9c,3.882,Vlog,720
1371,Vlog_720P-4e3d,2.743,Vlog,720
1372,Vlog_720P-5364,2.794,Vlog,720
1373,Vlog_720P-55b6,4.211,Vlog,720
1374,Vlog_720P-561e,4.438,Vlog,720
1375,Vlog_720P-5d08,3.783,Vlog,720
1376,Vlog_720P-60f8,4.335,Vlog,720
1377,Vlog_720P-6410,3.18,Vlog,720
1378,Vlog_720P-6d56,3.776,Vlog,720
1379,Vlog_720P-7b30,3.7,Vlog,720